{"cameraMode":{"drawMode":0,"name":"Shaded","section":"Shading Mode"},"sceneLighting":true,"audioPlay":false,"sceneViewState":{"m_AlwaysRefresh":false,"showFog":true,"showSkybox":true,"showFlares":true,"showImageEffects":true,"showParticleSystems":true,"showVisualEffectGraphs":true,"m_FxEnabled":true},"in2DMode":false,"pivot":{"x":3.1963858604431154,"y":11.443817138671875,"z":3.5201354026794435},"rotation":{"x":0.007736023049801588,"y":-0.9919556975364685,"z":0.07603305578231812,"w":0.10092876106500626},"size":3.382065773010254,"orthographic":false}